{
  "parent": "minecraft:item/generated",
  "textures": {
    "layer0": "minecraft:item/paper"
  },
  "overrides": [
    { "predicate": {"custom_model_data": 1}, "model": "face/anyspy" },
    { "predicate": {"custom_model_data": 2}, "model": "face/highright" },
    { "predicate": {"custom_model_data": 3}, "model": "face/r2turntrue" },
    { "predicate": {"custom_model_data": 4}, "model": "face/suram" },
    { "predicate": {"custom_model_data": 5}, "model": "face/danpoongnamu" },
    { "predicate": {"custom_model_data": 6}, "model": "face/devlaq" }
  ]
}